{
  "myDetails" : {
    "A4Name" : "Ahmed Siddiqui",
    "A4Email": "siddiq57@sheridancollege.ca",
    "A4Login" : "siddiq57",
    "A4ID" : "991655778",
    "A4Photo" : "./images/Gear5"
  },
  "culturesFeatured" : [
    {"culture" : "France"},
    {"culture" : "Italy"},
		{"culture" : "Japan"},
    {"culture" : "British"}
  ],
  "artDetails" : [
  {
    "id": 74539,
    "description": "A Miller's Carriage, c. 1895. Albert-Charles Lebourg (French, 1849-1928). Black and white chalk with stumping ; sheet: 33.2 x 49.7 cm (13 1/16 x 19 9/16 in.). The Cleveland Museum of Art, Bequest of Muriel Butkin 2015.449",
    "title": "A Miller's Carriage",
    "creator": "Albert-Charles Lebourg (French, 1849-1928)",
    "creation_date": "c. 1895",
    "culture":"France",
    "technique": "Black and white chalk with stumping ",
    "url": "https://clevelandart.org/art/2015.449"
  },
  {
    "id": 74570,
    "description": "Profile Portrait of a Man, 18th century. Attributed to Louis Rolland Trinquesse (French, c. 1746\u2013c. 1800). Black chalk counterproof; sheet: 20.3 x 17.5 cm (8 x 6 7/8 in.). The Cleveland Museum of Art, Bequest of Muriel Butkin 2018.41",
    "title": "Profile Portrait of a Man",
    "creator": "Louis Rolland Trinquesse (French, c. 1746\u2013c. 1800)",
    "creation_date": "18th century",
    "culture": "France",
    "technique": "Black chalk counterproof",
    "url": "https://clevelandart.org/art/2018.41"
  },

  {
    "id": 74584,
    "description": "Children with a Donkey (recto); Landscape (verso), c. 1850. Isidore Pils (French, 1813/15-1875). Watercolor and graphite (recto); graphite (verso); sheet: 15.8 x 10.4 cm (6 1/4 x 4 1/8 in.). The Cleveland Museum of Art, Bequest of Muriel Butkin 2015.441",
    "title": "Children with a Donkey (recto); Landscape (verso)",
    "creator": "Isidore Pils (French, 1813/15-1875)",
    "creation_date": "c. 1850",
    "culture": "France",
    "technique": "watercolor and graphite (recto); graphite (verso)",
    "url": "https://clevelandart.org/art/2015.441"
  },
  {
    "id": 74590,
    "description": "Le Petit Trianon, Versailles, 1700s. Louis-Nicolas van Blarenberghe (French, 1716-1812). Gouache; sheet: 22.9 x 32.7 cm (9 x 12 7/8 in.); overall: 22.9 x 32.7 cm (9 x 12 7/8 in.). The Cleveland Museum of Art, Bequest of Muriel Butkin 2017.210",
    "title": "Le Petit Trianon, Versailles",
    "creator": "Louis-Nicolas van Blarenberghe (French, 1716-1812)",
    "creation_date": "1700s",
    "culture": "France",
    "technique": "Gouache",
    "url": "https://clevelandart.org/art/2017.210"
  },
  {
    "id": 78716,
    "description": "Winter Day, 1969. Fukushima Ichir\u014d (Japanese, 1920-1975). Wove paper; The Cleveland Museum of Art, Gift of Ellen and Bruce Mavec 2016.85",
    "title": "Winter Day",
    "creator": "Fukushima Ichir\u014d (Japanese, 1920-1975)",
    "creation_date": "1969",
    "culture": "Japan",
    "technique": "wove paper",
    "url": "https://clevelandart.org/art/2016.85"
  },
  {
    "id": 78717,
    "description": "Eight Scenes of Cherry Blossom: Arashiyama, 1935. Yoshida Hiroshi (Japanese, 1876-1950). Color woodcut; The Cleveland Museum of Art, Gift of Ellen and Bruce Mavec 2016.86",
    "title": "Eight Scenes of Cherry Blossom: Arashiyama",
    "creator": "Yoshida Hiroshi (Japanese, 1876-1950)",
    "creation_date": "1935",
    "culture": "Japan",
    "technique": "color woodcut",
    "url": "https://clevelandart.org/art/2016.86"
  },
  {
    "id": 78718,
    "description": "Carp and Tortoises, 1940. Yoshida Hiroshi (Japanese, 1876-1950). Color woodcut, wove paper; The Cleveland Museum of Art, Gift of Ellen and Bruce Mavec 2016.87",
    "title": "Carp and Tortoises",
    "creator": "Yoshida Hiroshi (Japanese, 1876-1950)",
    "creation_date": "unknown",
    "culture": "Japan",
    "technique": "color woodcut, wove paper",
    "url": "https://clevelandart.org/art/2016.87"
  },

  {
    "id": 79000,
    "description": "Langdale Pikes, Windermere. Johnstone Baird (British, 1880-1935). Etching and drypoint; platemark: 22.3 x 34 cm (8 3/4 x 13 3/8 in.); sheet: 29.2 x 44.4 cm (11 1/2 x 17 1/2 in.). The Cleveland Museum of Art, Bequest of Elizabeth Carroll Shearer 2016.96",
    "title": "Langdale Pikes, Windermere",
    "creator": "Johnstone Baird (British, 1880-1935)",
    "creation_date": "unknown",
    "culture": "British",
    "technique": "etching and drypoint",
    "url": "https://clevelandart.org/art/2016.96"
  },

  {
    "id": 79009,
    "description": "Untitled (Woman), c. 1908. Albert de Belleroche (British, 1864-1944). Lithograph; image: 45.1 x 34.8 cm (17 3/4 x 13 11/16 in.); sheet: 51.2 x 40.9 cm (20 3/16 x 16 1/8 in.). The Cleveland Museum of Art, Bequest of Elizabeth Carroll Shearer 2016.100",
    "title": "Untitled (Woman)",
    "creator": "Albert de Belleroche (British, 1864-1944)",
    "creation_date": "c. 1908",
    "culture": "British",
    "technique": "lithograph",
    "url": "https://clevelandart.org/art/2016.100"
  },
  {
    "id": 79010,

    "description": "Untitled (Young Lady Seated), 1914. Albert de Belleroche (British, 1864-1944). Lithograph; image: 41.5 x 37.4 cm (16 5/16 x 14 3/4 in.); sheet: 55.8 x 37.9 cm (21 15/16 x 14 15/16 in.). The Cleveland Museum of Art, Bequest of Elizabeth Carroll Shearer 2016.101",
    "title": "Untitled (Young Lady Seated)",
    "creator": "Albert de Belleroche (British, 1864-1944)",
    "creation_date": "1914",
    "culture": "British",
    "technique": "Lithograph",
    "url": "https://clevelandart.org/art/2016.101"
  },
  {
    "id": 79011,
    "description": "Untitled (\"Babette\"). Albert de Belleroche (British, 1864-1944). Lithograph; image: 35.1 x 29 cm (13 13/16 x 11 7/16 in.); sheet: 53.3 x 39.3 cm (21 x 15 1/2 in.). The Cleveland Museum of Art, Bequest of Elizabeth Carroll Shearer 2016.102",
    "title": "Untitled (\"Babette\")",
    "creator": "Albert de Belleroche (British, 1864-1944)",
    "creation_date": "unknown",
    "culture": "British",
    "technique": "Lithograph",
    "url": "https://clevelandart.org/art/2016.102"
  },

  {
    "id": 79073,
    "description": "Primavera, 1966. Paolo Boni (Italian, 1926-). Color metal relief and intaglio; The Cleveland Museum of Art, Bequest of Elizabeth Carroll Shearer 2016.133 \u00a9 Artists Right Society (ARS), New York / ADAGP, Paris",
    "title": "Primavera",
    "creator": "Paolo Boni (Italian, 1926-)",
    "creation_date": "1966",
    "culture": "Italy",
    "technique": "Color metal relief and intaglio",
    "url": "https://clevelandart.org/art/2016.133"
  },
  {
    "id": 79074,
    "description": "Shivering (Fr\u00e9missement), 1979. Paolo Boni (Italian, 1926-). Color metal relief and intaglio; The Cleveland Museum of Art, Bequest of Elizabeth Carroll Shearer 2016.134 \u00a9 Artists Right Society (ARS), New York / ADAGP, Paris",
    "title": "Shivering (Fr\u00e9missement)",
    "creator": "Paolo Boni (Italian, 1926-)",
    "creation_date": "1979",
    "culture": "Italy",
    "technique": "Color metal relief and intaglio",
    "url": "https://clevelandart.org/art/2016.134"
  }
]
}